{
    "user": "swaroopa",
    "key": "eBeQXcHBRlHuLf8UJnRuQ1ncIkrW93VyePOliJN8nm61Kww3jI",
    "capabilities": {
      "build": "mobile_android_test",
      "name": "mobile_android_test",
      "console": true,
      "network": true,
      "platformName" : "Android",
      "deviceName" : "Galaxy S21 5G",
      "platformVersion" : "11",
      "autoGrantPermissions": true
    },
    "environments": [
      {
        "browser": "chrome",
        "tunnel": false,
        "network": false,
        "visual": false
      }
    ]
  }