{
  "user": "swaroopa",
  "key": "eBeQXcHBRlHuLf8UJnRuQ1ncIkrW93VyePOliJN8nm61Kww3jI",
  "capabilities": {
    "build": "mobile_ios_test",
    "name": "mobile_ios_test",
    "console": true,
    "network": true,
    "platformName": "iOS",
    "deviceName": "iPhone 12",
    "platformVersion": "15.0",
    "appiumVersion": "1.22.1",
    "autoGrantPermissions": true
  },
  "environments": [
    {
      "browser": "Safari",
      "tunnel": false,
      "network": false,
      "visual": false
    }
  ]
}
